Workbook

Sheet Suppliers
A1: pdg_legacyid | B1: name | C1: pdg_categorycode | D1: pdg_categoryname | E1: pdg_zonecode | F1: pdg_zonename | G1: address1_line1 | H1: address1_line2 | I1: telephone1 | J1: telephone2 | K1: fax | L1: pdg_creditdays | M1: contact_name | N1: statecode | O1: statuscode
A2: 1 | B2: MDI | C2: F.S | D2: Foreign Supplier | E2: 0201 | F2: =_xlfn.XLOOKUP(Table3[[#This Row],[pdg_zonecode]],Zones!A:A,Zones!B:B) -> FRIBOURG | G2: FRIBOURG | L2: 0 | N2: 0 | O2: 1
A3: 10 | B3: PRIVATE LABEL DEVELOPMENT PLD | C3: F.S | D3: Foreign Supplier | E3: 0202 | F3: =_xlfn.XLOOKUP(Table3[[#This Row],[pdg_zonecode]],Zones!A:A,Zones!B:B) -> GENEVE | G3: CHEMIN FANTAISIE 2 CH 2300 LES CHAUX DES | H3: FONDS | I3: 039223159 | K3: 039223160 | L3: 0 | N3: 0 | O3: 1
A4: 100 | B4: DIMA ISSA | C4: L.S | D4: Local Supplier | E4: 01 | F4: =_xlfn.XLOOKUP(Table3[[#This Row],[pdg_zonecode]],Zones!A:A,Zones!B:B) -> LEBANON | I4: 03555663 | L4: 0 | N4: 0 | O4: 1
A5: 101 | B5: LINA AL-ASSAAD | C5: L.S | D5: Local Supplier | E5: 01 | F5: =_xlfn.XLOOKUP(Table3[[#This Row],[pdg_zonecode]],Zones!A:A,Zones!B:B) -> LEBANON | L5: 0 | N5: 0 | O5: 1
A6: 102 | B6: GHIDA HARIRI | C6: L.S | D6: Local Supplier | E6: 01 | F6: =_xlfn.XLOOKUP(Table3[[#This Row],[pdg_zonecode]],Zones!A:A,Zones!B:B) -> LEBANON | I6: 03318889 | L6: 0 | N6: 0 | O6: 1
A7: 103 | B7: MIRNA KASSIR | C7: L.S | D7: Local Supplier | E7: 0101 | F7: =_xlfn.XLOOKUP(Table3[[#This Row],[pdg_zonecode]],Zones!A:A,Zones!B:B) -> BEYROUTH | I7: 03146289 | L7: 0 | N7: 0 | O7: 1
A8: 104 | B8: JANINE FREIHA | C8: L.S | D8: Local Supplier | E8: 01 | F8: =_xlfn.XLOOKUP(Table3[[#This Row],[pdg_zonecode]],Zones!A:A,Zones!B:B) -> LEBANON | L8: 0 | N8: 0 | O8: 1
A9: 105 | B9: SUHA GAITH | C9: L.S | D9: Local Supplier | E9: 01 | F9: =_xlfn.XLOOKUP(Table3[[#This Row],[pdg_zonecode]],Zones!A:A,Zones!B:B) -> LEBANON | L9: 0 | N9: 0 | O9: 1
A10: 106 | B10: RANDA SAYYUR | C10: L.S | D10: Local Supplier | E10: 01 | F10: =_xlfn.XLOOKUP(Table3[[#This Row],[pdg_zonecode]],Zones!A:A,Zones!B:B) -> LEBANON | L10: 0 | N10: 0 | O10: 1
A11: 107 | B11: MICHELLE MALLAT RICHANI | C11: L.S | D11: Local Supplier | E11: 01 | F11: =_xlfn.XLOOKUP(Table3[[#This Row],[pdg_zonecode]],Zones!A:A,Zones!B:B) -> LEBANON | L11: 0 | N11: 0 | O11: 1
A12: 108 | B12: WORLD TRADING GEMS. | C12: L.S | D12: Local Supplier | E12: 01 | F12: =_xlfn.XLOOKUP(Table3[[#This Row],[pdg_zonecode]],Zones!A:A,Zones!B:B) -> LEBANON | L12: 0 | N12: 0 | O12: 1
A13: 109 | B13: RIM YEREVANIAN | C13: L.S | D13: Local Supplier | E13: 01 | F13: =_xlfn.XLOOKUP(Table3[[#This Row],[pdg_zonecode]],Zones!A:A,Zones!B:B) -> LEBANON | L13: 0 | N13: 0 | O13: 1
A14: 11 | B14: MECATTAF | C14: L.S | D14: Local Supplier | E14: 01 | F14: =_xlfn.XLOOKUP(Table3[[#This Row],[pdg_zonecode]],Zones!A:A,Zones!B:B) -> LEBANON | G14: DEBAYEH | L14: 0 | M14: MR. RAMEZ | N14: 0 | O14: 1
A15: 110 | B15: TAKAY JEWELLERY | C15: L.S | D15: Local Supplier | E15: 01 | F15: =_xlfn.XLOOKUP(Table3[[#This Row],[pdg_zonecode]],Zones!A:A,Zones!B:B) -> LEBANON | L15: 0 | N15: 0 | O15: 1
A16: 111 | B16: NABILA RASAMNY | C16: L.S | D16: Local Supplier | E16: 01 | F16: =_xlfn.XLOOKUP(Table3[[#This Row],[pdg_zonecode]],Zones!A:A,Zones!B:B) -> LEBANON | L16: 0 | N16: 0 | O16: 1
A17: 112 | B17: DAVCO | C17: L.S | D17: Local Supplier | E17: 0101 | F17: =_xlfn.XLOOKUP(Table3[[#This Row],[pdg_zonecode]],Zones!A:A,Zones!B:B) -> BEYROUTH | I17: 01881881 | K17: 9611881881 | L17: 0 | N17: 0 | O17: 1
A18: 113 | B18: LINA TANNIR | C18: L.S | D18: Local Supplier | E18: 0101 | F18: =_xlfn.XLOOKUP(Table3[[#This Row],[pdg_zonecode]],Zones!A:A,Zones!B:B) -> BEYROUTH | I18: 03773023 | L18: 0 | N18: 0 | O18: 1
A19: 114 | B19: FADY EID | C19: L.S | D19: Local Supplier | E19: 01 | F19: =_xlfn.XLOOKUP(Table3[[#This Row],[pdg_zonecode]],Zones!A:A,Zones!B:B) -> LEBANON | L19: 0 | N19: 0 | O19: 1
A20: 115 | B20: NISRINE NASR | C20: L.S | D20: Local Supplier | E20: 0101 | F20: =_xlfn.XLOOKUP(Table3[[#This Row],[pdg_zonecode]],Zones!A:A,Zones!B:B) -> BEYROUTH | I20: 03440404 | L20: 0 | N20: 0 | O20: 1
A21: 116 | B21: HAYSAM CHAHABY | C21: L.S | D21: Local Supplier | E21: 0101 | F21: =_xlfn.XLOOKUP(Table3[[#This Row],[pdg_zonecode]],Zones!A:A,Zones!B:B) -> BEYROUTH | I21: 03893535 | L21: 0 | N21: 0 | O21: 1
A22: 117 | B22: GEORGES KASSIS | C22: L.S | D22: Local Supplier | E22: 0101 | F22: =_xlfn.XLOOKUP(Table3[[#This Row],[pdg_zonecode]],Zones!A:A,Zones!B:B) -> BEYROUTH | I22: 03771067 | L22: 0 | N22: 0 | O22: 1
A23: 118 | B23: JOYCE MOKBEL | C23: L.S | D23: Local Supplier | E23: 0101 | F23: =_xlfn.XLOOKUP(Table3[[#This Row],[pdg_zonecode]],Zones!A:A,Zones!B:B) -> BEYROUTH | L23: 0 | N23: 0 | O23: 1
A24: 119 | B24: MAJD SLEIMAN | C24: L.S | D24: Local Supplier | E24: 0101 | F24: =_xlfn.XLOOKUP(Table3[[#This Row],[pdg_zonecode]],Zones!A:A,Zones!B:B) -> BEYROUTH | L24: 0 | N24: 0 | O24: 1
A25: 12 | B25: CLAL | C25: F.S | D25: Foreign Supplier | E25: 02 | F25: =_xlfn.XLOOKUP(Table3[[#This Row],[pdg_zonecode]],Zones!A:A,Zones!B:B) -> SWITZERLAND | L25: 0 | N25: 0 | O25: 1
A26: 120 | B26: MAHA ESTEPHAN | C26: L.S | D26: Local Supplier | E26: 0101 | F26: =_xlfn.XLOOKUP(Table3[[#This Row],[pdg_zonecode]],Zones!A:A,Zones!B:B) -> BEYROUTH | I26: 03237171 | L26: 0 | N26: 0 | O26: 1
A27: 121 | B27: RANA BAHRI | C27: L.S | D27: Local Supplier | E27: 0101 | F27: =_xlfn.XLOOKUP(Table3[[#This Row],[pdg_zonecode]],Zones!A:A,Zones!B:B) -> BEYROUTH | L27: 0 | N27: 0 | O27: 1
A28: 122 | B28: LINA CHOUEIRI | C28: L.S | D28: Local Supplier | E28: 0101 | F28: =_xlfn.XLOOKUP(Table3[[#This Row],[pdg_zonecode]],Zones!A:A,Zones!B:B) -> BEYROUTH | L28: 0 | N28: 0 | O28: 1
A29: 123 | B29: RANDA BENLADEN | C29: L.S | D29: Local Supplier | E29: 0101 | F29: =_xlfn.XLOOKUP(Table3[[#This Row],[pdg_zonecode]],Zones!A:A,Zones!B:B) -> BEYROUTH | L29: 0 | N29: 0 | O29: 1
A30: 124 | B30: GRACE KHAULI | C30: L.S | D30: Local Supplier | E30: 0101 | F30: =_xlfn.XLOOKUP(Table3[[#This Row],[pdg_zonecode]],Zones!A:A,Zones!B:B) -> BEYROUTH | L30: 0 | N30: 0 | O30: 1
A31: 125 | B31: MIREILLE EID | C31: L.S | D31: Local Supplier | E31: 0101 | F31: =_xlfn.XLOOKUP(Table3[[#This Row],[pdg_zonecode]],Zones!A:A,Zones!B:B) -> BEYROUTH | L31: 0 | N31: 0 | O31: 1
A32: 126 | B32: FARIDA EL ACHKAR | C32: L.S | D32: Local Supplier | E32: 0101 | F32: =_xlfn.XLOOKUP(Table3[[#This Row],[pdg_zonecode]],Zones!A:A,Zones!B:B) -> BEYROUTH | L32: 0 | N32: 0 | O32: 1
A33: 127 | B33: SALMA FAWAZ | C33: MISC | D33: Miscellaneous | E33: 0101 | F33: =_xlfn.XLOOKUP(Table3[[#This Row],[pdg_zonecode]],Zones!A:A,Zones!B:B) -> BEYROUTH | I33: 03728494 | L33: 0 | N33: 0 | O33: 1
A34: 128 | B34: MONA PAHARAON | C34: L.S | D34: Local Supplier | E34: 0101 | F34: =_xlfn.XLOOKUP(Table3[[#This Row],[pdg_zonecode]],Zones!A:A,Zones!B:B) -> BEYROUTH | I34: 03381260 | L34: 0 | N34: 0 | O34: 1
A35: 129 | B35: MONA HRAOUI | C35: L.S | D35: Local Supplier | E35: 0101 | F35: =_xlfn.XLOOKUP(Table3[[#This Row],[pdg_zonecode]],Zones!A:A,Zones!B:B) -> BEYROUTH | L35: 0 | N35: 0 | O35: 1
A36: 13 | B36: GUSTAV CEASER | C36: F.S | D36: Foreign Supplier | E36: 05 | F36: =_xlfn.XLOOKUP(Table3[[#This Row],[pdg_zonecode]],Zones!A:A,Zones!B:B) -> GERMANY | L36: 0 | N36: 0 | O36: 1
A37: 130 | B37: KRIKOR ISTANBOULIAN | C37: L.S | D37: Local Supplier | E37: 0101 | F37: =_xlfn.XLOOKUP(Table3[[#This Row],[pdg_zonecode]],Zones!A:A,Zones!B:B) -> BEYROUTH | G37: BOURJ HAMMOUD/MUNICIPALITY SQUARE | H37: MEKHITARIAN BLDG. | I37: 01243088 | J37: 03666185 | K37: 01243088 | L37: 0 | N37: 0 | O37: 1
A38: 131 | B38: RICH-ART MOUNTING HOUSE S.A.R. | C38: L.S | D38: Local Supplier | E38: 0101 | F38: =_xlfn.XLOOKUP(Table3[[#This Row],[pdg_zonecode]],Zones!A:A,Zones!B:B) -> BEYROUTH | I38: 01247242 | K38: 01266626 | L38: 0 | N38: 0 | O38: 1
A39: 132 | B39: RITA HILAL | C39: L.S | D39: Local Supplier | E39: 0101 | F39: =_xlfn.XLOOKUP(Table3[[#This Row],[pdg_zonecode]],Zones!A:A,Zones!B:B) -> BEYROUTH | L39: 0 | N39: 0 | O39: 1
A40: 133 | B40: HAYOULA YASSINE | C40: L.S | D40: Local Supplier | E40: 0101 | F40: =_xlfn.XLOOKUP(Table3[[#This Row],[pdg_zonecode]],Zones!A:A,Zones!B:B) -> BEYROUTH | I40: 03626394 | L40: 0 | N40: 0 | O40: 1
A41: 134 | B41: HANA WALID TABBARA | C41: L.S | D41: Local Supplier | E41: 0101 | F41: =_xlfn.XLOOKUP(Table3[[#This Row],[pdg_zonecode]],Zones!A:A,Zones!B:B) -> BEYROUTH | L41: 0 | N41: 0 | O41: 1
A42: 135 | B42: SAMAR MAKKI | C42: L.S | D42: Local Supplier | E42: 0101 | F42: =_xlfn.XLOOKUP(Table3[[#This Row],[pdg_zonecode]],Zones!A:A,Zones!B:B) -> BEYROUTH | L42: 0 | N42: 0 | O42: 1
A43: 136 | B43: WADDAH AL CHAER | C43: L.S | D43: Local Supplier | E43: 0101 | F43: =_xlfn.XLOOKUP(Table3[[#This Row],[pdg_zonecode]],Zones!A:A,Zones!B:B) -> BEYROUTH | L43: 0 | N43: 0 | O43: 1
A44: 137 | B44: MONDIAL CORAL | C44: F.S | D44: Foreign Supplier | E44: 21 | F44: =_xlfn.XLOOKUP(Table3[[#This Row],[pdg_zonecode]],Zones!A:A,Zones!B:B) -> ITALY | I44: +390818819038 | K44: +390818492145 | L44: 0 | N44: 0 | O44: 1
A45: 138 | B45: SABINE ALI HASSAN | C45: L.S | D45: Local Supplier | E45: 0101 | F45: =_xlfn.XLOOKUP(Table3[[#This Row],[pdg_zonecode]],Zones!A:A,Zones!B:B) -> BEYROUTH | I45: 03778771 | L45: 0 | N45: 0 | O45: 1
A46: 139 | B46: ROULA DALLOUL | C46: L.S | D46: Local Supplier | E46: 0101 | F46: =_xlfn.XLOOKUP(Table3[[#This Row],[pdg_zonecode]],Zones!A:A,Zones!B:B) -> BEYROUTH | I46: 03777111 | L46: 0 | N46: 0 | O46: 1
A47: 14 | B47: ROGER BOGHOSSIAN | C47: L.S | D47: Local Supplier | E47: 0101 | F47: =_xlfn.XLOOKUP(Table3[[#This Row],[pdg_zonecode]],Zones!A:A,Zones!B:B) -> BEYROUTH | L47: 0 | N47: 0 | O47: 1
A48: 140 | B48: SOURAYA BISHER | C48: F.S | D48: Foreign Supplier | E48: 13 | F48: =_xlfn.XLOOKUP(Table3[[#This Row],[pdg_zonecode]],Zones!A:A,Zones!B:B) -> KUWAIT | L48: 0 | N48: 0 | O48: 1
A49: 141 | B49: BALKAN KOMBARGI | C49: L.S | D49: Local Supplier | E49: 0101 | F49: =_xlfn.XLOOKUP(Table3[[#This Row],[pdg_zonecode]],Zones!A:A,Zones!B:B) -> BEYROUTH | I49: 03771498 | L49: 0 | N49: 0 | O49: 1
A50: 142 | B50: FAUDE & HUGUENIN SA | C50: F.S | D50: Foreign Supplier | E50: 02 | F50: =_xlfn.XLOOKUP(Table3[[#This Row],[pdg_zonecode]],Zones!A:A,Zones!B:B) -> SWITZERLAND | G50: STAUSEESTRASSE 1-5316 GIPPINGEN | I50: 0562686700 | J50: 0329305200 | K50: 0562686717 | L50: 0 | N50: 0 | O50: 1
A51: 143 | B51: ARTINIAN NV | C51: F.S | D51: Foreign Supplier | E51: 06 | F51: =_xlfn.XLOOKUP(Table3[[#This Row],[pdg_zonecode]],Zones!A:A,Zones!B:B) -> BELGIUM | G51: ANTWERPS | L51: 0 | N51: 0 | O51: 1
A52: 144 | B52: LEILA WEHBE | C52: L.S | D52: Local Supplier | E52: 0101 | F52: =_xlfn.XLOOKUP(Table3[[#This Row],[pdg_zonecode]],Zones!A:A,Zones!B:B) -> BEYROUTH | I52: 03746124 | L52: 0 | N52: 0 | O52: 1
A53: 145 | B53: WADIH MRAD | C53: L.S | D53: Local Supplier | E53: 0101 | F53: =_xlfn.XLOOKUP(Table3[[#This Row],[pdg_zonecode]],Zones!A:A,Zones!B:B) -> BEYROUTH | G53: DBAYEH | I53: 044044389 | J53: 03224224 | K53: 04411003 | L53: 0 | N53: 0 | O53: 1
A54: 146 | B54: HADDAD PRECIOUS STONES SARL. | C54: L.S | D54: Local Supplier | E54: 0101 | F54: =_xlfn.XLOOKUP(Table3[[#This Row],[pdg_zonecode]],Zones!A:A,Zones!B:B) -> BEYROUTH | G54: DORA HIGHWAY | I54: 01243557 | K54: 01243558 | L54: 0 | N54: 0 | O54: 1
A55: 147 | B55: WORLD TRADING SERVICES N.Y. | C55: F.S | D55: Foreign Supplier | E55: 12 | F55: =_xlfn.XLOOKUP(Table3[[#This Row],[pdg_zonecode]],Zones!A:A,Zones!B:B) -> U.S.A. | G55: 22W 48TH STREET SUITE 1108 | H55: NEW YORK NY 10036 | I55: 2129977838 | L55: 0 | N55: 0 | O55: 1
A56: 148 | B56: VATCHE JAKMAYAN | C56: L.S | D56: Local Supplier | E56: 01 | F56: =_xlfn.XLOOKUP(Table3[[#This Row],[pdg_zonecode]],Zones!A:A,Zones!B:B) -> LEBANON | I56: 01264794 | J56: 03882789 | L56: 0 | N56: 0 | O56: 1
A57: 149 | B57: ISMAIL KHALIL | C57: L.S | D57: Local Supplier | E57: 01 | F57: =_xlfn.XLOOKUP(Table3[[#This Row],[pdg_zonecode]],Zones!A:A,Zones!B:B) -> LEBANON | L57: 0 | N57: 0 | O57: 1
A58: 15 | B58: BARSAMIAN | C58: F.S | D58: Foreign Supplier | E58: 06 | F58: =_xlfn.XLOOKUP(Table3[[#This Row],[pdg_zonecode]],Zones!A:A,Zones!B:B) -> BELGIUM | L58: 0 | N58: 0 | O58: 1
A59: 150 | B59: MONA JABRE | C59: L.S | D59: Local Supplier | E59: 01 | F59: =_xlfn.XLOOKUP(Table3[[#This Row],[pdg_zonecode]],Zones!A:A,Zones!B:B) -> LEBANON | L59: 0 | N59: 0 | O59: 1
A60: 151 | B60: DIANE IBRAHIMCHAH | C60: L.S | D60: Local Supplier | E60: 0101 | F60: =_xlfn.XLOOKUP(Table3[[#This Row],[pdg_zonecode]],Zones!A:A,Zones!B:B) -> BEYROUTH | I60: 03333373 | L60: 0 | N60: 0 | O60: 1
A61: 152 | B61: RAJAA GHANDOUR | C61: L.S | D61: Local Supplier | E61: 01 | F61: =_xlfn.XLOOKUP(Table3[[#This Row],[pdg_zonecode]],Zones!A:A,Zones!B:B) -> LEBANON | L61: 0 | N61: 0 | O61: 1
A62: 153 | B62: HIND KABBARA | C62: L.S | D62: Local Supplier | E62: 0101 | F62: =_xlfn.XLOOKUP(Table3[[#This Row],[pdg_zonecode]],Zones!A:A,Zones!B:B) -> BEYROUTH | I62: 03377677 | L62: 0 | N62: 0 | O62: 1
A63: 154 | B63: HODA KASSAR | C63: MISC | D63: Miscellaneous | E63: 01 | F63: =_xlfn.XLOOKUP(Table3[[#This Row],[pdg_zonecode]],Zones!A:A,Zones!B:B) -> LEBANON | I63: 03650640 | L63: 0 | N63: 0 | O63: 1
A64: 155 | B64: NAGIB TABBAH | C64: MISC | D64: Miscellaneous | E64: 01 | F64: =_xlfn.XLOOKUP(Table3[[#This Row],[pdg_zonecode]],Zones!A:A,Zones!B:B) -> LEBANON | L64: 0 | N64: 0 | O64: 1
A65: 156 | B65: BECHER TRABOULSI | C65: MISC | D65: Miscellaneous | E65: 01 | F65: =_xlfn.XLOOKUP(Table3[[#This Row],[pdg_zonecode]],Zones!A:A,Zones!B:B) -> LEBANON | L65: 0 | N65: 0 | O65: 1
A66: 157 | B66: SETHRIDA GEAGEA | C66: L.S | D66: Local Supplier | E66: 01 | F66: =_xlfn.XLOOKUP(Table3[[#This Row],[pdg_zonecode]],Zones!A:A,Zones!B:B) -> LEBANON | I66: 03213077 | L66: 0 | N66: 0 | O66: 1
A67: 158 | B67: CHADIA ABOU GHAZALEH | C67: L.S | D67: Local Supplier | E67: 01 | F67: =_xlfn.XLOOKUP(Table3[[#This Row],[pdg_zonecode]],Zones!A:A,Zones!B:B) -> LEBANON | I67: 03369123 | L67: 0 | N67: 0 | O67: 1
A68: 159 | B68: NAJIBE SELWAN | C68: L.S | D68: Local Supplier | E68: 01 | F68: =_xlfn.XLOOKUP(Table3[[#This Row],[pdg_zonecode]],Zones!A:A,Zones!B:B) -> LEBANON | I68: 03536601 | L68: 0 | N68: 0 | O68: 1
A69: 16 | B69: HASSANA MANSOUR | C69: L.S | D69: Local Supplier | E69: 0101 | F69: =_xlfn.XLOOKUP(Table3[[#This Row],[pdg_zonecode]],Zones!A:A,Zones!B:B) -> BEYROUTH | L69: 0 | N69: 0 | O69: 1
A70: 160 | B70: ELIAS SAYEGH | C70: L.S | D70: Local Supplier | E70: 0101 | F70: =_xlfn.XLOOKUP(Table3[[#This Row],[pdg_zonecode]],Zones!A:A,Zones!B:B) -> BEYROUTH | L70: 0 | N70: 0 | O70: 1
A71: 161 | B71: BEMIDO S.A. | C71: F.S | D71: Foreign Supplier | E71: 02 | F71: =_xlfn.XLOOKUP(Table3[[#This Row],[pdg_zonecode]],Zones!A:A,Zones!B:B) -> SWITZERLAND | L71: 0 | N71: 0 | O71: 1
A72: 162 | B72: RITA DAKKAK | C72: L.S | D72: Local Supplier | E72: 01 | F72: =_xlfn.XLOOKUP(Table3[[#This Row],[pdg_zonecode]],Zones!A:A,Zones!B:B) -> LEBANON | I72: 03205351 | L72: 0 | N72: 0 | O72: 1
A73: 163 | B73: MAAMOUN TABBAA | C73: L.S | D73: Local Supplier | E73: 01 | F73: =_xlfn.XLOOKUP(Table3[[#This Row],[pdg_zonecode]],Zones!A:A,Zones!B:B) -> LEBANON | L73: 0 | N73: 0 | O73: 1
A74: 164 | B74: FATIMA MIKATI | C74: L.S | D74: Local Supplier | E74: 01 | F74: =_xlfn.XLOOKUP(Table3[[#This Row],[pdg_zonecode]],Zones!A:A,Zones!B:B) -> LEBANON | L74: 0 | N74: 0 | O74: 1
A75: 165 | B75: NAJAH GAIS | C75: L.S | D75: Local Supplier | E75: 01 | F75: =_xlfn.XLOOKUP(Table3[[#This Row],[pdg_zonecode]],Zones!A:A,Zones!B:B) -> LEBANON | L75: 0 | N75: 0 | O75: 1
A76: 166 | B76: MOHAMAD AL-GHANIM | C76: F.S | D76: Foreign Supplier | E76: 13 | F76: =_xlfn.XLOOKUP(Table3[[#This Row],[pdg_zonecode]],Zones!A:A,Zones!B:B) -> KUWAIT | L76: 0 | N76: 0 | O76: 1
A77: 167 | B77: ALAIN YAZBECK | C77: L.S | D77: Local Supplier | E77: 0101 | F77: =_xlfn.XLOOKUP(Table3[[#This Row],[pdg_zonecode]],Zones!A:A,Zones!B:B) -> BEYROUTH | L77: 0 | N77: 0 | O77: 1
A78: 168 | B78: THERESE RAYESS | C78: L.S | D78: Local Supplier | E78: 0101 | F78: =_xlfn.XLOOKUP(Table3[[#This Row],[pdg_zonecode]],Zones!A:A,Zones!B:B) -> BEYROUTH | I78: 03381235 | L78: 0 | N78: 0 | O78: 1
A79: 169 | B79: LINA GHAITH | C79: L.S | D79: Local Supplier | E79: 0101 | F79: =_xlfn.XLOOKUP(Table3[[#This Row],[pdg_zonecode]],Zones!A:A,Zones!B:B) -> BEYROUTH | I79: 03889080 | L79: 0 | N79: 0 | O79: 1
A80: 17 | B80: RIMA GHANDOUR | C80: L.S | D80: Local Supplier | E80: 01 | F80: =_xlfn.XLOOKUP(Table3[[#This Row],[pdg_zonecode]],Zones!A:A,Zones!B:B) -> LEBANON | L80: 0 | N80: 0 | O80: 1
A81: 170 | B81: NADA MAGHRABI | C81: L.S | D81: Local Supplier | E81: 01 | F81: =_xlfn.XLOOKUP(Table3[[#This Row],[pdg_zonecode]],Zones!A:A,Zones!B:B) -> LEBANON | L81: 0 | N81: 0 | O81: 1
A82: 171 | B82: ELHAM RAPHAEL | C82: L.S | D82: Local Supplier | E82: 01 | F82: =_xlfn.XLOOKUP(Table3[[#This Row],[pdg_zonecode]],Zones!A:A,Zones!B:B) -> LEBANON | L82: 0 | N82: 0 | O82: 1
A83: 172 | B83: MASSOUNI TABBARA | C83: L.S | D83: Local Supplier | E83: 01 | F83: =_xlfn.XLOOKUP(Table3[[#This Row],[pdg_zonecode]],Zones!A:A,Zones!B:B) -> LEBANON | L83: 0 | N83: 0 | O83: 1
A84: 173 | B84: SCHOFER GERMANY | C84: F.S | D84: Foreign Supplier | E84: 05 | F84: =_xlfn.XLOOKUP(Table3[[#This Row],[pdg_zonecode]],Zones!A:A,Zones!B:B) -> GERMANY | I84: 490723191030 | K84: 4907231101599 | L84: 0 | N84: 0 | O84: 1
A85: 174 | B85: CHAMAM HAMMAMI | C85: L.S | D85: Local Supplier | E85: 01 | F85: =_xlfn.XLOOKUP(Table3[[#This Row],[pdg_zonecode]],Zones!A:A,Zones!B:B) -> LEBANON | L85: 0 | N85: 0 | O85: 1
A86: 175 | B86: TOMETY DIAMONDS S.A.R.L. | C86: L.S | D86: Local Supplier | E86: 01 | F86: =_xlfn.XLOOKUP(Table3[[#This Row],[pdg_zonecode]],Zones!A:A,Zones!B:B) -> LEBANON | G86: GROUP MURR BLDG. DORA BLVD. | H86: LEBANON | L86: 0 | N86: 0 | O86: 1
A87: 176 | B87: MICHAEL GAD | C87: F.S | D87: Foreign Supplier | E87: 12 | F87: =_xlfn.XLOOKUP(Table3[[#This Row],[pdg_zonecode]],Zones!A:A,Zones!B:B) -> U.S.A. | G87: 589 FIFTH AV.,SUITE 1208, NEW YORK | I87: 2128887888 | K87: 2128881661 | L87: 0 | N87: 0 | O87: 1
A88: 177 | B88: ALI EL-ZEIN. | C88: L.S | D88: Local Supplier | E88: 01 | F88: =_xlfn.XLOOKUP(Table3[[#This Row],[pdg_zonecode]],Zones!A:A,Zones!B:B) -> LEBANON | L88: 0 | N88: 0 | O88: 1
A89: 178 | B89: IL-FENICIO S.A.R.L. | C89: L.S | D89: Local Supplier | E89: 01 | F89: =_xlfn.XLOOKUP(Table3[[#This Row],[pdg_zonecode]],Zones!A:A,Zones!B:B) -> LEBANON | G89: JBEIL-CENTRE ST. PAUL. | K89: 09546426 | L89: 0 | N89: 0 | O89: 1
A90: 179 | B90: AZURE GEMS | C90: L.S | D90: Local Supplier | E90: 0101 | F90: =_xlfn.XLOOKUP(Table3[[#This Row],[pdg_zonecode]],Zones!A:A,Zones!B:B) -> BEYROUTH | G90: HARBOYAN CENTER BLOCK B 4TH. FLOOR | I90: 01243460 | J90: 03777887 | L90: 0 | N90: 0 | O90: 1
A91: 18 | B91: DAVOYAN | C91: L.S | D91: Local Supplier | E91: 01 | F91: =_xlfn.XLOOKUP(Table3[[#This Row],[pdg_zonecode]],Zones!A:A,Zones!B:B) -> LEBANON | G91: 399 DAVOYAN BLDG, FANAR, | H91: BEIRUT, LEBANON. | I91: 01881881 | J91: 01892217 | L91: 0 | N91: 0 | O91: 1
A92: 180 | B92: LUXURY CONNECT ENTERPRISE IN | C92: F.S | D92: Foreign Supplier | E92: 45 | F92: =_xlfn.XLOOKUP(Table3[[#This Row],[pdg_zonecode]],Zones!A:A,Zones!B:B) -> BRITISH VIRGIN ISLAND | L92: 0 | N92: 0 | O92: 1
A93: 181 | B93: ROULA DAOUK | C93: L.S | D93: Local Supplier | E93: 0101 | F93: =_xlfn.XLOOKUP(Table3[[#This Row],[pdg_zonecode]],Zones!A:A,Zones!B:B) -> BEYROUTH | I93: 03658888 | L93: 0 | N93: 0 | O93: 1
A94: 182 | B94: PATRICIA BAKRI | C94: L.S | D94: Local Supplier | E94: 0101 | F94: =_xlfn.XLOOKUP(Table3[[#This Row],[pdg_zonecode]],Zones!A:A,Zones!B:B) -> BEYROUTH | I94: 70628272 | L94: 0 | N94: 0 | O94: 1
A95: 183 | B95: MD'A SUCCURSALE DE GENEVE. | C95: F.S | D95: Foreign Supplier | E95: 0202 | F95: =_xlfn.XLOOKUP(Table3[[#This Row],[pdg_zonecode]],Zones!A:A,Zones!B:B) -> GENEVE | G95: CHEMIN DES SELLIERES 31B | H95: 1219/GENEVE/AIRE | I95: 0227974500 | J95: 0796250821 | K95: 0227974501 | L95: 0 | N95: 0 | O95: 1
A96: 184 | B96: SOUAD SOLH | C96: L.S | D96: Local Supplier | E96: 01 | F96: =_xlfn.XLOOKUP(Table3[[#This Row],[pdg_zonecode]],Zones!A:A,Zones!B:B) -> LEBANON | L96: 0 | N96: 0 | O96: 1
A97: 185 | B97: SHERINE TAYEB | C97: MISC | D97: Miscellaneous | E97: 01 | F97: =_xlfn.XLOOKUP(Table3[[#This Row],[pdg_zonecode]],Zones!A:A,Zones!B:B) -> LEBANON | L97: 0 | N97: 0 | O97: 1
A98: 186 | B98: MARIE JALLAD | C98: MISC | D98: Miscellaneous | E98: 01 | F98: =_xlfn.XLOOKUP(Table3[[#This Row],[pdg_zonecode]],Zones!A:A,Zones!B:B) -> LEBANON | I98: 03988966 | L98: 0 | N98: 0 | O98: 1
A99: 187 | B99: NADIA HAMDOUN | C99: MISC | D99: Miscellaneous | E99: 0101 | F99: =_xlfn.XLOOKUP(Table3[[#This Row],[pdg_zonecode]],Zones!A:A,Zones!B:B) -> BEYROUTH | L99: 0 | N99: 0 | O99: 1
A100: 188 | B100: NIRU | C100: L.S | D100: Local Supplier | E100: 01 | F100: =_xlfn.XLOOKUP(Table3[[#This Row],[pdg_zonecode]],Zones!A:A,Zones!B:B) -> LEBANON | L100: 0 | N100: 0 | O100: 1
...

Sheet Zones
A1: code | B1: name | C1: Level | D1: ParentCode | E1: ParentName
A2: 26 | B2: ABU DHABI | C2: Country
A3: 2002 | B3: AL CHARKA | C3: City | D3: 20 | E3: EMIRATES
A4: 32 | B4: ALGERIA | C4: Country
A5: 1801 | B5: AMMAN | C5: City | D5: 18 | E5: JORDAN
A6: 2901 | B6: AMSTERDAM | C6: City | D6: 29 | E6: HOLLAND
A7: 25 | B7: AUSTRALIA | C7: Country
A8: 4101 | B8: BAGHDAD | C8: City | D8: 41 | E8: IRAQ
A9: 37 | B9: BAHRAIN | C9: Country
A10: 0901 | B10: BANGKOK | C10: City | D10: 09 | E10: THAILAND
A11: 090101 | B11: BANGRAK | C11: District | D11: 0901 | E11: BANGKOK
A12: 06 | B12: BELGIUM | C12: Country
A13: 0101 | B13: BEYROUTH | C13: City | D13: 01 | E13: LEBANON
A14: 38 | B14: BRAZIL | C14: Country
A15: 45 | B15: BRITISH VIRGIN ISLAND | C15: Country
A16: 1901 | B16: CAIRO | C16: City | D16: 19 | E16: EGYPT
A17: 16 | B17: CANADA | C17: Country
A18: 0801 | B18: COLOMBO 2 | C18: City | D18: 08 | E18: SRI LANKA
A19: 50 | B19: CONGO | C19: Country
A20: 47 | B20: COTE D'IVORE | C20: Country
A21: 10 | B21: CYPRUS | C21: Country
A22: 1701 | B22: DAMAS | C22: City | D22: 17 | E22: SYRIA
A23: 080101 | B23: DAWSON STREET | C23: District | D23: 0801 | E23: COLOMBO 2
A24: 1501 | B24: DOHA | C24: City | D24: 15 | E24: QATAR
A25: 2001 | B25: DUBAI | C25: City | D25: 20 | E25: EMIRATES
A26: 19 | B26: EGYPT | C26: Country
A27: 20 | B27: EMIRATES | C27: Country
A28: 11 | B28: ENGLAND | C28: Country
A29: 03 | B29: FRANCE | C29: Country
A30: 0201 | B30: FRIBOURG | C30: City | D30: 02 | E30: SWITZERLAND
A31: 0202 | B31: GENEVE | C31: City | D31: 02 | E31: SWITZERLAND
A32: 05 | B32: GERMANY | C32: Country
A33: 30 | B33: GHANA | C33: Country
A34: 23 | B34: GREECE | C34: Country
A35: 29 | B35: HOLLAND | C35: Country
A36: 46 | B36: HONGKONG | C36: Country
A37: 48 | B37: INDIA | C37: Country
A38: 39 | B38: IRAN | C38: Country
A39: 41 | B39: IRAQ | C39: Country
A40: 21 | B40: ITALY | C40: Country
A41: 07 | B41: JAPAN | C41: Country
A42: 0105 | B42: JBEIL | C42: City | D42: 01 | E42: LEBANON
A43: 18 | B43: JORDAN | C43: Country
A44: 0106 | B44: JOUNIEH | C44: City | D44: 01 | E44: LEBANON
A45: 5001 | B45: KINSHASA | C45: City | D45: 50 | E45: CONGO
A46: 4601 | B46: KOWLOON | C46: City | D46: 46 | E46: HONGKONG
A47: 13 | B47: KUWAIT | C47: Country
A48: 01 | B48: LEBANON | C48: Country
A49: 1001 | B49: LIMASSOL | C49: City | D49: 10 | E49: CYPRUS
A50: 1101 | B50: LONDON | C50: City | D50: 11 | E50: ENGLAND
A51: 1202 | B51: LOS ANGELOS | C51: City | D51: 12 | E51: U.S.A.
A52: 4301 | B52: MADRID | C52: City | D52: 43 | E52: SPAIN
A53: 35 | B53: MALTA | C53: Country
A54: 3701 | B54: MANAMAH | C54: City | D54: 37 | E54: BAHRAIN
A55: 4201 | B55: MASCAT | C55: City | D55: 42 | E55: OMAN
A56: 22 | B56: MEXICO | C56: Country
A57: 2201 | B57: MEXICO | C57: City | D57: 22 | E57: MEXICO
A58: 0301 | B58: MONACO | C58: City | D58: 03 | E58: FRANCE
A59: 1601 | B59: MONTREAL | C59: City | D59: 16 | E59: CANADA
A60: 27 | B60: MOROCCO | C60: Country
A61: 1201 | B61: NEW YORK | C61: City | D61: 12 | E61: U.S.A.
A62: 42 | B62: OMAN | C62: Country
A63: 0302 | B63: PARIS | C63: City | D63: 03 | E63: FRANCE
A64: 34 | B64: PORTO RICO | C64: Country
A65: 15 | B65: QATAR | C65: Country
A66: 1603 | B66: QUEBEC | C66: City | D66: 16 | E66: CANADA
A67: 2701 | B67: RABAT | C67: City | D67: 27 | E67: MOROCCO
A68: 0401 | B68: RIYAD | C68: City | D68: 04 | E68: SAUDI ARABIA
A69: 49 | B69: ROMANIA | C69: Country
A70: 31 | B70: RUSSIA | C70: Country
A71: 0104 | B71: SAIDA | C71: City | D71: 01 | E71: LEBANON
A72: 04 | B72: SAUDI ARABIA | C72: Country
A73: 24 | B73: SENEGAL | C73: Country
A74: 28 | B74: SOUDAN | C74: Country
A75: 33 | B75: SOUTH AFRICA | C75: Country
A76: 43 | B76: SPAIN | C76: Country
A77: 08 | B77: SRI LANKA | C77: Country
A78: 02 | B78: SWITZERLAND | C78: Country
A79: 17 | B79: SYRIA | C79: Country
A80: 3901 | B80: TAHRAN | C80: City | D80: 39 | E80: IRAN
A81: 09 | B81: THAILAND | C81: Country
A82: 1602 | B82: TORONTO | C82: City | D82: 16 | E82: CANADA
A83: 0102 | B83: TRIPOLI | C83: City | D83: 01 | E83: LEBANON
A84: 36 | B84: TUNIS | C84: Country
A85: 40 | B85: TURKEY | C85: Country
A86: 12 | B86: U.S.A. | C86: Country
A87: 44 | B87: VENEZUELA | C87: Country
A88: 0103 | B88: ZAHLE | C88: City | D88: 01 | E88: LEBANON

Sheet SuppliersCategory
A1: code | B1: desc | C1: cyea | D1: lyea | E1: lyea1 | F1: lyea2 | G1: lyea3 | H1: lyea4
A2: MISC | B2: MCAT | C2: 0 | D2: 0 | E2: 0 | F2: 0 | G2: 0 | H2: 0
A3: F.S | B3: FOREIGN SUPPLIR | C3: 0 | D3: 0 | E3: 0 | F3: 0 | G3: 0 | H3: 0
A4: L.S | B4: LOCAL SUPPLIER | C4: 0 | D4: 0 | E4: 0 | F4: 0 | G4: 0 | H4: 0
